<?xml version="1.0" encoding="UTF-8"?>
<Configuration status="DEBUG">
<Properties>
        <Property name="logpath">${bundle:application:logging.path}</Property>
    </Properties> 
    <Appenders>
        <Console name="LogToConsole" target="SYSTEM_OUT">
            <PatternLayout pattern="%d{HH:mm:ss.SSS} [%t] %-5level %logger{36} - %msg%n"/>
        </Console>
        <RollingFile
				    name="LogToFile"
				    fileName="${logpath}/anymind.log"
				    filePattern="${logpath}/anymind-%d{dd-MMM-yyyy}.log"
				    ignoreExceptions="false">
				    <PatternLayout>
				        <Pattern>%d{yyyy-MM-dd HH:mm:ss} %-5p %c{1}:%L - %m%n</Pattern>
				    </PatternLayout>
				    <Policies>
				        <TimeBasedTriggeringPolicy interval="1"/>
				    </Policies>
				    <DefaultRolloverStrategy max="5" />
		</RollingFile>
    </Appenders>
    <Loggers>
        <Logger name="com.anymind" level="debug" additivity="false">
            <AppenderRef ref="LogToFile"/>
            <AppenderRef ref="LogToConsole"/>
        </Logger>
        <Logger name="org.springframework.boot" level="error" additivity="false">
            <AppenderRef ref="LogToConsole"/>
        </Logger>
        <Root level="error">
            <AppenderRef ref="LogToFile"/>
            <AppenderRef ref="LogToConsole"/>
        </Root>
    </Loggers>
</Configuration>